{
    "appDataVer": "3.4",
    "versions": {
        "mainApp": {
            "ver": "3.6.1.0"
        },
        "actionApp": {
            "ver": "3.6.1.0"
        },
        "zoneApp": {
            "ver": "3.6.1.0"
        },
        "echoDevice": {
            "ver": "3.6.1.0"
        },
        "wsDevice": {
            "ver": "3.3.0.0"
        },
        "server": {
            "ver": "2.4.0"
        }
    },
    "amazonDomains": [
        "amazon.com",
        "amazon.ca",
        "amazon.co.uk",
        "amazon.com.au",
        "amazon.de",
        "amazon.it",
        "amazon.com.br",
        "amazon.com.mx",
        "amazon.es",
        "amazon.in"
    ],
    "locales": [
        "en-US",
        "en-CA",
        "de-DE",
        "en-GB",
        "it-IT",
        "en-AU",
        "pt-BR",
        "es-MX",
        "es-UY",
        "es-ES"
    ],
    "settings": {
        "sendMetrics": true,
        "database": {
            "metricsUrl": "https://echo-speaks-metrics.firebaseio.com/"
        }
    },
    "deviceTypes": {
        "ignore": [
            "A1DL2DVDQVK3Q",
            "A21Z3CGI8UIP0F",
            "A2825NDLA7WDZV",
            "A2IVLV5VM2W81",
            "A2TF17PFR55MTB",
            "A1X7HJX9QL16M5",
            "A2T0P32DY3F7VB",
            "A3H674413M2EKB",
            "AILBSA2LNTOYL",
            "A2WN1FJ2HG09UN",
            "A2RJLFEH0UEKI9",
            "A3B50IC5QPZPWP",
            "ADQRVG6LYK4LQ",
            "A1VZJGJYCRI78V",
            "ABP0V5EHO8A4U",
            "A2TOXM6L8SFS8A",
            "A2ZOTUOF1IBEYI",
            "A3NWHXTQ4EBCZS",
            "A3TCJ8RTT3NVI7",
            "ATH4K2BAIXVHQ",
            "A2Y04QPFCANLPQ",
            "A1ORT4KZ23OY88",
            "A37M7RU8Z6ZFB",
            "A29L394LN0I8HN",
            "A2XPGY5LRKB9BE",
            "A1VS6XVTGTLC00",
            "A2C8J6UHV0KFCV",
            "A1ZB65LA390I4K",
            "A21X6I4DKINIZU",
            "A112LJ20W14H95",
            "A81PNL0A63P93",
            "A1GC6GEE1XF1G9",
            "AUPUQSVCVHXP0",
            "AD2YUJTRVBNOF",
            "AGZWSPR7FLP9E",
            "A2V3E2XUH5Z7M8",
            "A1MPSLFC7L5AFK"
        ]
    },
    "deviceFamilies": {
        "echo": [
            "ROOK",
            "KNIGHT",
            "ECHO"
        ],
        "tablet": [
            "TABLET"
        ],
        "wha": [
            "WHA"
        ],
        "other": [
            "REAVER",
            "FIRE_TV",
            "FIRE_TV_CUBE",
            "ALEXA_AUTO",
            "MMSDK"
        ],
        "block": [
            "AMAZONMOBILEMUSIC_ANDROID",
            "AMAZONMOBILEMUSIC_IOS",
            "TBIRD_IOS",
            "TBIRD_ANDROID",
            "VOX",
            "MSHOP"
        ]
    },
    "deviceSupport": {
        "A1Q7QCGNMXAKYW": {
            "name": "Generic Tablet",
            "image": "amazon_tablet",
            "caps": [],
            "blocked": true
        },
        "A3SSWQ04XYPXBH": {
            "name": "Generic Tablet",
            "image": "amazon_tablet",
            "caps": [],
            "blocked": true
        },
        "A1X7HJX9QL16M5": {
            "name": "Bespoken.io",
            "caps": [],
            "blocked": true
        },
        "A37SHHQ3NUL7B5": {
            "name": "Bose Home Speaker 500",
            "caps": [],
            "blocked": true
        },
        "AVN2TMX8MU2YM": {
            "name": "Bose Home Speaker 500",
            "caps": [],
            "blocked": true
        },
        "A3BRT6REMPQWA8": {
            "name": "Bose Home Speaker 450",
            "caps": [
                "a",
                "t"
            ],
            "image": "sonos_generic"
        },
        "A1H0CMF1XM0ZP4": {
            "name": "Bose SoundTouch 30",
            "caps": [],
            "blocked": true
        },
        "A38BPK7OW001EX": {
            "name": "Raspberry Alexa",
            "caps": [],
            "blocked": true
        },
        "A1DL2DVDQVK3Q": {
            "name": "Mobile App",
            "blocked": true,
            "caps": []
        },
        "A25EC4GIHFOCSG": {
            "name": "Unrecognized Media Player",
            "caps": [],
            "blocked": true
        },
        "A3RBAYBE7VM004": {
            "name": "Echo Studio",
            "image": "echo_studio",
            "caps": [
                "a",
                "t"
            ]
        },
        "A16MZVIFVHX6P6": {
            "name": "Generic Echo",
            "image": "unknown",
            "caps": [
                "a",
                "t"
            ]
        },
        "A27VEYGQBW3YR5": {
            "name": "Echo Link",
            "image": "echo_link",
            "caps": [
                "a",
                "t"
            ]
        },
        "A1JJ0KFC4ZPNJ3": {
            "name": "Echo Input",
            "image": "echo_input",
            "caps": [
                "a",
                "t"
            ]
        },
        "A38949IHXHRQ5P": {
            "name": "Echo Tap",
            "image": "echo_tap",
            "caps": [
                "a",
                "t"
            ]
        },
        "AB72C64C86AW2": {
            "name": "Echo (Gen1)",
            "image": "echo_gen1",
            "caps": [
                "a",
                "t"
            ]
        },
        "A7WXQPH584YP": {
            "name": "Echo (Gen2)",
            "image": "echo_gen2",
            "caps": [
                "a",
                "t"
            ]
        },
        "A3FX4UWTP28V1P": {
            "name": "Echo (Gen3)",
            "image": "echo_plus_gen2",
            "caps": [
                "a",
                "t"
            ]
        },
        "A2M35JJZWCQOMZ": {
            "name": "Echo Plus (Gen1)",
            "image": "echo_plus_gen1",
            "caps": [
                "a",
                "t"
            ]
        },
        "A18O6U1UQFJ0XK": {
            "name": "Echo Plus (Gen2)",
            "image": "echo_plus_gen2",
            "caps": [
                "a",
                "t"
            ]
        },
        "A1NL4BVLQ4L3N3": {
            "name": "Echo Show (Gen1)",
            "image": "echo_show_gen1",
            "caps": [
                "a",
                "t"
            ]
        },
        "AWZZ5CVHX2CD": {
            "name": "Echo Show (Gen2)",
            "image": "echo_show_gen2",
            "caps": [
                "a",
                "t"
            ]
        },
        "AKNO1N0KSFN8L": {
            "name": "Echo Dot (Gen1)",
            "image": "echo_dot_gen1",
            "caps": [
                "a",
                "t"
            ]
        },
        "A4ZP7ZC4PI6TO": {
            "name": "Echo Show 5 (Gen1)",
            "image": "echo_show_5",
            "caps": [
                "a",
                "t"
            ]
        },
        "A1Z88NGR2BK6A2": {
            "name": "Echo Show?",
            "image": "echo_show_gen2",
            "caps": [
                "a",
                "t"
            ]
        },
        "A3S5BH2HU6VAYF": {
            "name": "Echo Dot (Gen2)",
            "image": "echo_dot_gen2",
            "caps": [
                "a",
                "t"
            ]
        },
        "A32DOYMUN6DTXA": {
            "name": "Echo Dot (Gen3)",
            "image": "echo_dot_gen3",
            "caps": [
                "a",
                "t"
            ]
        },
        "A1RABVCI4QCIKC": {
            "name": "Echo Dot (Gen3)",
            "image": "echo_dot_gen3",
            "caps": [
                "a",
                "t"
            ]
        },
        "A32DDESGESSHZA": {
            "name": "Echo Dot (Gen3)",
            "image": "echo_dot_gen3",
            "caps": [
                "a",
                "t"
            ]
        },
        "A30YDR2MK8HMRV": {
            "name": "Echo Dot Clock",
            "image": "echo_dot_clock",
            "caps": [
                "a",
                "t"
            ]
        },
        "A10A33FOX2NUBK": {
            "name": "Echo Spot",
            "image": "echo_spot_gen1",
            "caps": [
                "a",
                "t"
            ]
        },
        "A3VRME03NAXFUB": {
            "name": "Echo Flex",
            "image": "echo_flex",
            "caps": [
                "a",
                "t"
            ]
        },
        "A3SSG6GR8UU7SN": {
            "name": "Echo Sub",
            "image": "echo_sub_gen1",
            "caps": [
                "a",
                "t"
            ]
        },
        "A12GXV8XMS007S": {
            "name": "Fire TV (Gen1)",
            "image": "firetv_gen1",
            "caps": [
                "a",
                "t"
            ]
        },
        "A2E0SNTXJVT7WK": {
            "name": "Fire TV (Gen2)",
            "image": "firetv_gen1",
            "caps": [
                "a",
                "t"
            ]
        },
        "A2GFL5ZMWNE0PX": {
            "name": "Fire TV (Gen3)",
            "image": "firetv_gen1",
            "caps": [
                "a",
                "t"
            ]
        },
        "ADVBD696BHNV5": {
            "name": "Fire TV Stick (Gen1)",
            "image": "firetv_stick_gen1",
            "caps": [
                "a",
                "t"
            ]
        },
        "A2LWARUGJLBYEW": {
            "name": "Fire TV Stick (Gen2)",
            "image": "firetv_stick_gen1",
            "caps": [
                "a",
                "t"
            ]
        },
        "AKPGW064GI9HE": {
            "name": "Fire TV Stick 4K (Gen3)",
            "image": "firetv_stick_gen1",
            "caps": [
                "a",
                "t"
            ]
        },
        "A1F8D55J0FWDTN": {
            "name": "Fire TV (Toshiba)",
            "image": "toshiba_firetv",
            "caps": [
                "a",
                "t"
            ]
        },
        "AP4RS91ZQ0OOI": {
            "name": "Fire TV (Toshiba)",
            "image": "toshiba_firetv",
            "caps": [
                "a",
                "t"
            ]
        },
        "AFF50AL5E3DIU": {
            "name": "Fire TV (Insignia)",
            "image": "insignia_firetv",
            "caps": [
                "a",
                "t"
            ]
        },
        "A3HF4YRA2L7XGC": {
            "name": "Fire TV Cube",
            "image": "firetv_cube",
            "caps": [
                "a",
                "t"
            ]
        },
        "A2JKHJ0PX4J3L3": {
            "name": "Fire TV Cube (Gen2)",
            "image": "firetv_cube",
            "caps": [
                "a",
                "t"
            ]
        },
        "A2M4YX06LWP8WI": {
            "name": "Fire Tablet",
            "image": "amazon_tablet",
            "caps": [
                "a",
                "t"
            ]
        },
        "A2HZENIFNYTXZD": {
            "name": "Facebook Portal",
            "image": "facebook_portal",
            "caps": [
                "a",
                "t"
            ]
        },
        "A3B5K1G3EITBIF": {
            "name": "Facebook Portal",
            "image": "facebook_portal",
            "caps": [
                "a",
                "t"
            ]
        },
        "A1J16TEDOYCZTN": {
            "name": "Fire Tablet",
            "image": "amazon_tablet",
            "caps": [
                "a",
                "t"
            ]
        },
        "A2R2GLZH1DFYQO": {
            "name": "Zolo Halo Speaker",
            "image": "halo_speaker",
            "caps": [
                "t",
                "a"
            ]
        },
        "A1P31Q3MOWSHOD": {
            "name": "Zolo Halo Speaker",
            "image": "halo_speaker",
            "caps": [
                "t",
                "a"
            ]
        },
        "A1M0A9L9HDBID3": {
            "name": "One-Link Safe and Sound",
            "image": "one-link",
            "caps": [
                "t"
            ]
        },
        "A38EHHIB10L47V": {
            "name": "Fire Tablet HD 8",
            "image": "tablet_hd10",
            "caps": [
                "a",
                "t"
            ]
        },
        "A3L0T0VL9A921N": {
            "name": "Fire Tablet HD 8",
            "image": "tablet_hd10",
            "caps": [
                "a",
                "t"
            ]
        },
        "A3R9S4ZZECZ6YL": {
            "name": "Fire Tablet HD 10",
            "image": "tablet_hd10",
            "caps": [
                "a",
                "t"
            ]
        },
        "A3C9PE6TNYLTCH": {
            "name": "Multiroom",
            "image": "echo_wha",
            "caps": []
        },
        "A15ERDAKK5HQQG": {
            "name": "Sonos",
            "image": "sonos_generic",
            "caps": []
        },
        "A2OSP3UA4VC85F": {
            "name": "Sonos",
            "image": "sonos_generic",
            "caps": []
        },
        "AVD3HM0HOJAAL": {
            "name": "Sonos",
            "image": "sonos_generic",
            "caps": []
        },
        "A3NPD82ABCPIDP": {
            "name": "Sonos Beam",
            "image": "sonos_beam",
            "caps": [
                "t"
            ]
        },
        "A18BI6KPKDOEI4": {
            "name": "Ecobee4",
            "image": "ecobee4",
            "caps": [
                "a",
                "t"
            ]
        },
        "A1N9SW0I0LUX5Y": {
            "name": "Ford/Lincoln Alexa App",
            "image": "unknown",
            "caps": [
                "a",
                "t"
            ],
            "blocked": false
        },
        "A1C66CX2XD756O": {
            "name": "Fire Tablet HD",
            "image": "amazon_tablet",
            "caps": [
                "a",
                "t"
            ]
        },
        "A1RTAM01W29CUP": {
            "name": "Windows App",
            "image": "alexa_windows",
            "caps": [
                "a",
                "t"
            ]
        },
        "A3F1S88NTZZXS9": {
            "name": "Dash Wand",
            "image": "dash_wand",
            "caps": [],
            "blocked": true
        },
        "A2LH725P8DQR2A": {
            "name": "Fabriq Riff",
            "image": "fabriq_riff",
            "caps": [
                "a",
                "t"
            ]
        },
        "A3QPPX1R9W5RJV": {
            "name": "Fabriq Chorus",
            "image": "fabriq_chorus",
            "caps": [
                "a",
                "t"
            ]
        },
        "A2J0R2SD7G9LPA": {
            "name": "Lenovo SmartTab M10",
            "image": "lenovo_smarttab_m10",
            "caps": [
                "a",
                "t"
            ]
        },
        "A303PJF6ISQ7IC": {
            "name": "Echo Auto",
            "image": "echo_auto",
            "caps": [
                "a",
                "t"
            ]
        },
        "AVE5HX13UR5NO": {
            "name": "Logitech Zero Touch",
            "image": "logitech_zero_touch",
            "caps": [
                "a",
                "t"
            ]
        },
        "A10L5JEZTKKCZ8": {
            "name": "Vobot Bunny",
            "image": "vobot_bunny",
            "caps": [
                "a",
                "t"
            ]
        },
        "AE7X7Z227NFNS": {
            "name": "HiMirror Mini",
            "image": "unknown",
            "caps": [
                "a",
                "t"
            ]
        },
        "A347G2JC8I4HC7": {
            "name": "Roav Car Charger Pro",
            "image": "unknown",
            "caps": [
                "a",
                "t"
            ]
        },
        "A37CFAHI1O0CXT": {
            "name": "Logitech Blast",
            "image": "logitech_blast",
            "caps": []
        },
        "A2X8WT9JELC577": {
            "name": "Ecobee5",
            "image": "ecobee4",
            "caps": [
                "a",
                "t"
            ]
        },
        "A17LGWINFBUTZZ": {
            "name": "Anker Roav Viva",
            "image": "roav_viva",
            "caps": [
                "t",
                "a"
            ]
        },
        "AP1F6KUH00XPV": {
            "name": "Stereo/Subwoofer Pair",
            "blocked": true,
            "caps": []
        },
        "A1W2YILXTG9HA7": {
            "name": "Nextbase 522GW Dashcam",
            "image": "unknown",
            "caps": [
                "t",
                "a"
            ]
        }
    }
}
