{
    "packageName": "Echo Speaks",
    "author": "Anthony S.",
    "version": "3.6.4.3",
    "minimumHEVersion": "1.0.0",
    "dateReleased": "2020-10-13",
    "documentationLink": "https://tonesto7.github.io/echo-speaks-docs",
    "communityLink": "https://community.hubitat.com/t/release-echo-speaks-v3-actions/22879/992",
    "licenseFile": "",
    "releaseNotes": "Please see Changelog at https://raw.githubusercontent.com/tonesto7/echo-speaks/master/resources/changelog.txt for recent changes.",
    "apps": [{
            "id": "4216cb09-591c-452d-9dc7-20f330de8624",
            "name": "Echo Speaks",
            "namespace": "tonesto7",
            "location": "https://raw.githubusercontent.com/tonesto7/echo-speaks/master/smartapps/tonesto7/echo-speaks.src/echo-speaks.groovy",
            "required": true,
            "oauth": true,
            "version": "3.6.4.4"
        },
        {
            "id": "cd4762db-aa0b-4d32-98ca-06de955dbc33",
            "name": "Echo Speaks - Actions",
            "namespace": "tonesto7",
            "location": "https://raw.githubusercontent.com/tonesto7/echo-speaks/master/smartapps/tonesto7/echo-speaks-actions.src/echo-speaks-actions.groovy",
            "required": true,
            "oauth": false,
            "version": "3.6.4.2"
        },
        {
            "id": "50ad91a0-eb51-4d6f-98d2-f1654221baa9",
            "name": "Echo Speaks - Zones",
            "namespace": "tonesto7",
            "location": "https://raw.githubusercontent.com/tonesto7/echo-speaks/master/smartapps/tonesto7/echo-speaks-zones.src/echo-speaks-zones.groovy",
            "required": true,
            "oauth": false,
            "version": "3.6.4.1"
        }
    ],
    "drivers": [{
            "id": "f3aa1a73-d2d2-4620-b9e6-2eb32f847d45",
            "name": "Echo Speaks Device",
            "namespace": "tonesto7",
            "location": "https://raw.githubusercontent.com/tonesto7/echo-speaks/master/drivers/echo-speaks-device.groovy",
            "required": true,
            "version": "3.6.4.1"
        },
        {
            "id": "e708fa5f-91be-421a-848c-e989406317bd",
            "name": "Echo Speaks WS",
            "namespace": "tonesto7",
            "location": "https://raw.githubusercontent.com/tonesto7/echo-speaks/master/drivers/echo-speaks-ws.groovy",
            "required": true,
            "version": "3.3.1.1"
        }
    ]
}